,Date,Unix,Ticker,DE Ratio,Price,stock_p_changeSP500,sp500_p_change,difference,status,pct change,sp500,sp500 pct change
0,2004-01-30 19:01:02,1075507262.0,a,0.407,36.65,,,0.0,underperform,0.0,86.41047641959851,0.0
1,2004-04-13 04:07:11,1081843631.0,a,0.375,31.87,,,-13.151629366150246,underperform,-13.042291950886762,86.50495540103256,0.10933741526348358
2,2004-12-13 21:37:34,1102991854.0,a,0.323,23.84,,,-42.55120138400588,underperform,-34.95225102319236,92.97676562926627,7.598950360813515
3,2005-01-22 05:17:19,1106389039.0,a,0.322,21.8,,,-46.695981424870894,underperform,-40.518417462482944,91.74853887062336,6.177563962387949
4,2006-01-09 02:35:16,1136792116.0,a,0.0,34.65,,,-23.147819710507907,underperform,-5.457025920873124,101.69717561563067,17.69079378963478
5,2006-06-21 11:01:16,1150902076.0,a,0.368,32.18,,,-27.405287396304693,underperform,-12.19645293315143,99.55250273707733,15.208834463153265
6,2006-08-19 10:42:01,1155998521.0,a,0.396,31.8,,,-32.85483287588027,underperform,-13.23328785811732,103.36554695033347,19.621545017762948
7,2007-02-20 17:46:56,1172011616.0,a,0.411,32.48,,,-47.31710744213396,underperform,-11.377899045020468,117.46571761697663,35.93920839711349
8,2007-04-12 05:07:51,1176368871.0,a,0.411,34.62,,,-40.72366154148153,underperform,-5.538881309686224,116.81381264508155,35.18478023179531
9,2008-01-23 19:28:50,1201134530.0,a,0.645,32.16,,,-39.148027347181966,underperform,-12.251023192360169,109.65230585237923,26.897004154821797
10,2008-02-14 04:44:34,1202982274.0,a,0.645,32.68,,,-38.97564714175884,underperform,-10.832196452933148,110.72936624072757,28.143450688825695
11,2008-04-26 04:49:23,1209199763.0,a,0.67,31.53,,,-45.174884673639035,underperform,-13.969986357435191,113.37477772088153,31.204898316203845
12,2008-12-06 19:21:33,1228609293.0,a,0.83,17.26,,,-36.99727238202526,underperform,-52.905866302864936,72.66378462094166,-15.908593920839682
13,2009-08-02 05:46:24,1249206384.0,a,0.83,23.22,,,-33.66995136349574,underperform,-36.643929058663026,83.84064812459187,-2.973977695167283
14,2011-08-02 06:45:37,1312281937.0,a,54.36,40.79,,,-18.971339998193265,underperform,11.296043656207368,112.56466683511378,30.267383654400632
15,2011-11-08 05:04:16,1320746656.0,a,51.62,37.74,,,-30.4569807981542,underperform,2.9740791268758624,115.29841457293846,33.43105992503006
16,2013-05-14 00:28:58,1368505738.0,a,44.12,43.04,,,-60.69781403664908,underperform,17.435197817189636,153.92558420348192,78.13301185383871
17,2013-09-06 06:09:52,1378462192.0,a,56.39,47.68,,,-49.85505481536071,underperform,30.095497953615286,155.49612996737318,79.950552768976
18,2004-04-13 04:20:10,1081844410.0,aa,0.595,34.26,,,0.0,underperform,0.0,86.50495540103256,0.0
19,2004-09-09 16:15:45,1094760945.0,aa,0.561,32.89,,,-3.725787459861017,underperform,-3.9988324576765835,86.26875794744745,-0.2730449978155665
20,2004-11-24 10:37:20,1101310640.0,aa,0.53,33.58,,,-7.740610503749404,underperform,-1.9848219497956794,91.48399772260797,5.755788553953725
21,2004-12-05 00:36:42,1102225002.0,aa,0.53,32.86,,,-10.639478079507615,underperform,-4.086398131932278,92.17369428707661,6.553079947575337
22,2005-01-13 07:18:32,1105618712.0,aa,0.457,29.43,,,-19.61358251104229,underperform,-14.098073555166371,91.27614396345298,5.5155089558759185
23,2005-02-07 03:48:37,1107766117.0,aa,0.457,29.37,,,-21.994917441904107,underperform,-14.27320490367775,93.18461938842121,7.721712538226358
24,2005-05-22 08:48:23,1116766103.0,aa,0.543,27.45,,,-27.315153796540045,underperform,-19.87740805604203,92.93897403669257,7.437745740498018
25,2006-06-20 04:32:21,1150792341.0,aa,0.526,29.1,,,-29.30332305804278,underperform,-15.061295971978975,98.82501458003503,14.242027086063802
26,2007-01-25 19:09:37,1169770177.0,aa,0.494,31.46,,,-40.44671500567317,underperform,-8.172796263864557,114.42349441479959,32.273918741808615
27,2007-02-23 09:03:42,1172239422.0,aa,0.494,34.75,,,-33.67242557300246,underperform,1.4302393461763048,116.87050003394205,35.102664919178764
28,2007-05-16 21:12:47,1179364367.0,aa,0.494,39.04,,,-27.572552503062397,underperform,13.952130764740225,122.42586414226525,41.52468326780262
29,2007-06-22 06:39:12,1182508752.0,aa,0.503,40.34,,,-23.395776955040397,underperform,17.746643315820215,122.09518770724591,41.14242027086061
30,2007-10-11 20:57:59,1192150679.0,aa,0.47,38.08,,,-35.30038583983861,underperform,11.150029188558088,126.68686620494165,46.4504150283967
31,2008-01-23 16:05:53,1201122353.0,aa,0.499,28.04,,,-44.91369291494619,underperform,-18.155283129013426,109.65230585237923,26.758409785932763
32,2008-10-28 00:52:22,1225169542.0,aa,0.672,9.04,,,-63.940439858353464,underperform,-73.61354349095154,78.13724141775793,-9.673103632598076
33,2008-12-05 01:03:15,1228456995.0,aa,0.672,8.06,,,-61.06336250658941,underperform,-76.47402218330413,73.17397112068558,-15.410659676714724
34,2008-12-06 09:33:46,1228574026.0,aa,0.672,8.15,,,-60.210888288540616,underperform,-76.21132516053707,72.66378462094166,-16.00043687199646
35,2008-12-18 10:54:07,1229615647.0,aa,0.672,10.35,,,-55.67887689467411,underperform,-69.78984238178634,74.29827099975103,-14.110965487112233
36,2009-03-09 18:17:50,1236637070.0,aa,0.672,5.49,,,-50.030527482768065,underperform,-83.97548161120841,57.14088797132428,-33.944954128440344
37,2011-09-03 09:21:23,1315056083.0,aa,48.26,12.04,,,-91.59130332009113,underperform,-64.85697606538237,109.63147326948447,26.734327254708766
38,2011-11-02 22:04:47,1320285887.0,aa,50.93,10.7,,,-97.99914655863121,underperform,-68.76824284880327,111.791135618538,29.23090370982794
39,2011-11-05 21:29:24,1320542964.0,aa,50.93,10.93,,,-97.3278097226709,underperform,-68.09690601284296,111.791135618538,29.23090370982794
40,2012-01-02 19:42:06,1325551326.0,aa,50.93,8.65,,,-106.38512129648537,underperform,-74.75189725627554,113.86926174892479,31.63322404020983
41,2012-03-09 07:34:06,1331296446.0,aa,54.5,9.77,,,-115.77586744564337,underperform,-71.48277875072971,124.82067202230742,44.29308869491366
42,2012-03-19 02:24:48,1332138288.0,aa,54.5,10.54,,,-117.61505825152841,underperform,-69.23525977816696,128.3558784935233,48.37979847336144
43,2012-05-19 11:51:52,1337442712.0,aa,55.28,8.43,,,-115.3240437692811,underperform,-75.3940455341506,121.04638256596529,39.9299982351305
44,2012-07-29 16:51:57,1343595117.0,aa,56.42,8.45,,,-119.52130224190478,underperform,-75.33566841798014,124.72771823408212,44.18563382392463
45,2012-11-27 11:38:14,1354034294.0,aa,56.51,8.31,,,-125.12880698761447,underperform,-75.74430823117338,129.2249940253154,49.38449875644108
46,2013-01-22 17:52:37,1358895157.0,aa,53.49,9.16,,,-133.15164007163114,underperform,-73.26328079392877,138.31135388461914,59.888359277702364
47,2013-04-23 20:02:57,1366761777.0,aa,53.21,8.12,,,-146.21434195648385,underperform,-76.29889083479277,146.98528521228215,69.91545112169109
48,2013-04-26 20:55:15,1367024115.0,aa,53.21,8.27,,,-146.27189390917533,underperform,-75.8610624635143,147.41381374059785,70.41083144566103
49,2013-09-01 04:25:11,1378023911.0,aa,52.71,7.7,,,-155.2543726694532,underperform,-77.52481027437244,153.74487868431495,77.72956239508076
50,2003-12-07 10:36:10,1070811370.0,aapl,0.072,20.85,,,0.0,underperform,0.0,81.54480887574404,0.0
51,2004-02-03 07:33:34,1075811614.0,aapl,0.07,22.32,,,0.805428649780942,outperform,7.05035971223021,86.63722597504027,6.244931062449268
52,2004-06-03 01:20:38,1086240038.0,aapl,0.0,28.92,,,33.66506377796617,outperform,38.705035971223026,85.65464456812599,5.039972193256857
53,2004-08-10 02:02:44,1092117764.0,aapl,0.0,30.3,,,43.388855130702616,outperform,45.32374100719424,83.1226078656929,1.9348858764916248
54,2004-10-12 05:40:57,1097574057.0,aapl,0.0,38.59,,,78.80424336234877,outperform,85.08393285371703,86.66556966947047,6.279689491368262
55,2004-12-04 14:16:51,1102187811.0,aapl,0.0,62.68,,,187.68177949819503,outperform,200.62350119904076,92.09811110192939,12.941721700845743
56,2005-01-26 15:16:47,1106770607.0,aapl,0.0,71.94,,,233.47300053596334,outperform,245.03597122302153,90.97381122286394,11.562970687058186
57,2005-02-04 03:07:08,1107504428.0,aapl,0.0,77.81,,,258.76470043985665,outperform,273.18944844124695,93.30744206428547,14.4247480013903
58,2005-03-01 10:36:03,1109691363.0,aapl,0.0,44.86,,,99.78106357458358,outperform,115.15587529976017,94.08216971204477,15.37481172517659
59,2005-12-17 11:55:53,1134838553.0,aapl,0.0,71.11,,,217.92921450118322,outperform,241.05515587529976,100.40281356998398,23.12594137411653
60,2006-01-25 09:43:52,1138200232.0,aapl,0.0,76.04,,,242.0377441529571,outperform,264.70023980815347,100.02489764424772,22.66249565519637
61,2006-02-03 13:49:59,1138992599.0,aapl,0.0,72.1,,,223.51161823408847,outperform,245.80335731414863,99.72256490365864,22.291739080060157
62,2006-02-07 09:17:30,1139321850.0,aapl,0.0,67.3,,,201.25472093649375,outperform,222.78177458033568,99.09900362619383,21.52705364384193
63,2006-02-17 15:01:01,1140206461.0,aapl,0.0,70.21,,,211.9906077223726,outperform,236.73860911270975,101.72551931006095,24.74800139033715
64,2007-02-17 21:52:03,1171767123.0,aapl,0.0,84.83,,,263.22509875311437,outperform,306.8585131894484,117.12559328381393,43.63341443633402
65,2007-02-19 17:27:55,1171924075.0,aapl,0.0,84.83,,,263.1092373233843,outperform,306.8585131894484,117.22007226524799,43.74927586606406
66,2008-01-23 06:28:45,1201087725.0,aapl,0.0,155.64,,,612.0060447991971,outperform,646.4748201438848,109.65230585237923,34.46877534468772
67,2008-10-27 05:55:02,1225101302.0,aapl,0.0,96.38,,,376.7393250794626,outperform,362.2541966426858,69.73293857656837,-14.48512843677677
68,2008-10-29 21:14:51,1225329291.0,aapl,0.0,104.55,,,406.48626223602525,outperform,401.4388489208632,77.42890533472631,-5.047413315162026
69,2008-10-31 22:34:03,1225506843.0,aapl,0.0,107.59,,,417.20097123552466,outperform,416.01918465227817,80.58112326511652,-1.1817865832464727
70,2008-12-03 23:41:54,1228365714.0,aapl,0.0,95.9,,,370.84301276392864,outperform,359.9520383693046,72.66378462094166,-10.890974394624028
71,2008-12-07 14:27:24,1228678044.0,aapl,0.0,94.0,,,363.79263638098905,outperform,350.8393285371703,70.98205875141524,-12.953307843818799
72,2008-12-16 01:57:34,1229410654.0,aapl,0.0,94.75,,,360.66979575880487,outperform,354.43645083932853,76.46183967459115,-6.233344919476352
73,2008-12-17 02:12:01,1229497921.0,aapl,0.0,95.43,,,364.8464919409624,outperform,357.6978417266187,75.71545572126205,-7.148650214343647
74,2009-01-01 01:31:55,1230791515.0,aapl,0.0,85.35,,,319.94225266293745,outperform,309.3525179856115,72.9094299726702,-10.589734677325959
75,2009-01-12 07:25:12,1231763112.0,aapl,0.0,90.58,,,344.97984094476243,outperform,334.4364508393285,72.9472215652438,-10.543390105433978
76,2009-10-22 17:48:46,1256248126.0,aapl,0.0,204.211,,,864.9697501644149,outperform,879.4292565947243,93.3357857587157,14.459506430309329
77,2009-11-12 14:53:38,1258055618.0,aapl,0.0,204.096,,,864.7310172716884,outperform,878.8776978417266,93.0806925088437,14.146680570038189
78,2011-05-22 15:41:19,1306093279.0,aapl,0.0,335.22,,,1460.3486831648574,outperform,1507.7697841726617,120.21425505933153,47.42110100780424
79,2011-09-02 04:10:00,1314951000.0,aapl,0.0,381.03,,,1697.8458303543969,outperform,1727.4820143884888,105.711578504408,29.636184034091833
80,2011-09-24 00:15:37,1316837737.0,aapl,0.0,404.3,,,1810.134774629144,outperform,1839.0887290167864,105.15525564311707,28.953954387642316
81,2011-09-24 05:43:35,1316857415.0,aapl,0.0,404.3,,,1810.134774629144,outperform,1839.0887290167864,105.15525564311707,28.953954387642316
82,2011-10-08 05:59:01,1318067941.0,aapl,0.0,369.8,,,1647.1106730306155,outperform,1673.621103117506,103.16268842223661,26.510430086890462
83,2011-10-14 06:15:31,1318587331.0,aapl,0.0,408.43,,,1823.3752655061514,outperform,1858.8968824940046,110.51084355806276,35.52161698785321
84,2011-11-03 17:19:46,1320355186.0,aapl,0.0,399.21,,,1775.085787060714,outperform,1814.6762589928055,113.82878354577322,39.590471932091596
85,2012-01-08 08:59:52,1326031192.0,aapl,0.0,422.4,,,1883.4329870990646,outperform,1925.899280575539,116.17386672774764,42.466293476474384
86,2012-05-15 15:13:11,1337109191.0,aapl,0.0,559.26,,,2533.2895406641146,outperform,2582.302158273381,121.51205423021939,49.01261760926615
87,2012-09-23 15:53:29,1348430009.0,aapl,0.0,700.09,,,3192.9504591323016,outperform,3257.745803357314,134.3820484844106,64.7953442250121
88,2012-10-11 20:20:07,1350001207.0,aapl,0.0,628.1,,,2850.577173926271,outperform,2912.4700239808153,132.01521516047328,61.8928500545446
89,2012-10-21 05:19:34,1350811174.0,aapl,0.0,609.84,,,2760.2212200156887,outperform,2824.892086330935,134.28054321079944,64.67086631524614
90,2013-01-20 19:31:49,1358728309.0,aapl,0.0,500.0,,,2229.7528186897625,outperform,2298.081534772182,137.26332981240282,68.32871608241952
91,2013-04-23 03:01:29,1366700489.0,aapl,0.0,398.67,,,1731.8353900859636,outperform,1812.0863309352515,146.98528521228215,80.25094084928777
92,2013-05-16 23:28:32,1368761312.0,aapl,0.0,434.58,,,1895.4289148699463,outperform,1984.3165467625895,154.02805841677483,88.88763189264318
93,2013-08-11 02:30:32,1376202632.0,aapl,13.75,454.45,,,1984.6101935229326,outperform,2079.6163069544364,159.01736249373627,95.00611343150365
94,2013-06-19 09:57:38,1371650258.0,abbv,512.61,43.54,,,0.0,underperform,0.0,152.26736511565164,0.0
95,2003-10-26 16:06:32,1067202392.0,abc,0.592,57.01,,,0.0,underperform,0.0,78.33252350698574,0.0
96,2004-01-28 07:37:34,1075293454.0,abc,0.429,56.36,,,-11.343986334987973,underperform,-1.14015085072794,86.32544533630788,10.203835484260033
97,2004-05-16 19:24:15,1084749855.0,abc,0.412,58.97,,,-3.8590757765815926,underperform,3.4379933345027203,84.04850188374685,7.297069111084313
98,2004-10-20 01:31:26,1098250286.0,abc,0.331,52.1,,,-17.272516881812948,underperform,-8.612524118575683,85.11611437395183,8.659992763237264
99,2005-01-08 07:45:42,1105188342.0,abc,0.332,57.9,,,-15.348772677321449,underperform,1.5611296263813377,91.57847670404205,16.909902303702786
100,2005-03-30 19:52:42,1112230362.0,abc,0.291,55.44,,,-20.30305250444215,underperform,-2.753902824065954,92.07921530564253,17.549149680376196
101,2005-05-26 01:50:44,1117086644.0,abc,0.23,65.93,,,-3.760207625655637,underperform,15.646377828451167,93.53419161972722,19.406585454106803
102,2005-12-04 08:46:13,1133703973.0,abc,0.223,79.46,,,12.325624874238382,outperform,39.379056305911234,99.52415904264714,27.053431431672852
103,2007-02-20 06:12:02,1171969922.0,abc,0.308,54.9,,,-53.65889061988306,underperform,-3.701105069286089,117.46571761697663,49.957785550596974
104,2007-04-05 16:11:07,1175803867.0,abc,0.308,53.94,,,-54.0884335116656,underperform,-5.385020171899668,116.48313621006231,48.70341333976593
105,2008-01-23 20:34:05,1201138445.0,abc,0.396,45.55,,,-60.08485075768834,underperform,-20.101736537449572,109.65230585237923,39.98311422023877
106,2009-02-09 08:47:34,1234187254.0,abc,0.396,38.76,,,-25.293799641276067,underperform,-32.01192773197685,73.07004424110814,-6.718128090700781
107,2010-08-21 11:26:32,1282404392.0,abc,0.396,28.92,,,-72.52676023520607,underperform,-49.272057533766,96.54851896707092,23.25470270144006
108,2011-07-08 00:04:15,1310097855.0,abc,42.86,43.05,,,-78.39100816788783,underperform,-24.486932117172426,120.55694655063586,53.90407605071541
109,2012-02-28 18:01:38,1330470098.0,abc,66.41,37.75,,,-93.11799157411616,underperform,-33.783546746184875,124.81069144956449,59.33444482793128
110,2013-04-25 01:02:00,1366866120.0,abc,59.73,55.82,,,-90.61014105317047,underperform,-2.0873530959480755,147.6746571926161,88.52278795722239
111,2004-09-20 13:31:02,1095701462.0,abt,0.543,42.92,,,0.0,underperform,0.0,86.61833017875348,0.0
112,2004-10-23 22:48:08,1098586088.0,abt,0.543,40.86,,,-3.065334019703078,underperform,-4.7996272134203215,85.11611437395183,-1.7342931937172437
113,2005-01-25 12:44:11,1106675051.0,abt,0.508,45.93,,,2.290098141109204,outperform,7.013047530288905,90.70927007484858,4.722949389179701
114,2005-02-28 19:21:54,1109636514.0,abt,0.508,45.61,,,-1.8149863620615978,underperform,6.267474370922642,93.61922270301787,8.08246073298424
115,2006-06-17 18:01:01,1150581661.0,abt,0.436,42.78,,,-13.371563475372795,underperform,-0.3261882572227413,97.91801635826798,13.045375218150054
116,2006-07-18 12:32:14,1153240334.0,abt,0.436,44.48,,,-10.348751441457638,underperform,3.63466915191052,98.73053559860092,13.983420593368159
117,2007-01-13 21:19:42,1168741182.0,abt,0.604,50.45,,,-13.891159167833582,underperform,17.544268406337373,113.8471726280518,31.435427574170955
118,2007-03-23 02:47:40,1174632460.0,abt,0.883,54.5,,,-6.701944768382802,underperform,26.980428704566627,115.7934396455937,33.68237347294943
119,2007-04-10 20:13:09,1176250389.0,abt,0.883,57.11,,,-1.7552441410537512,underperform,33.06150978564771,116.77602105250787,34.81675392670146
120,2007-06-03 02:36:35,1180852595.0,abt,0.871,56.3,,,-11.768566951136016,underperform,31.174277726001854,123.81470516934603,42.94284467713787
121,2008-01-23 23:41:45,1201149705.0,abt,0.784,57.97,,,8.472742014446304,outperform,35.06523765144454,109.65230585237923,26.592495636998237
122,2008-04-28 03:46:55,1209368815.0,abt,0.687,51.28,,,-13.233506796198586,underperform,19.478098788443614,114.95257671083043,32.7116055846422
123,2008-10-23 21:57:42,1224813462.0,abt,0.732,55.02,,,40.151016173817936,outperform,28.191985088536814,76.25961714712491,-11.959031085281122
124,2008-12-25 05:30:56,1230201056.0,abt,0.546,52.65,,,38.35507515097695,outperform,22.67008387698042,73.0322526485345,-15.684991273996529
125,2011-08-05 04:11:33,1312531893.0,abt,76.17,48.77,,,-10.722296611113029,underperform,13.630009319664497,107.71189093601453,24.352305930777526
126,2011-09-02 09:24:27,1314969867.0,abt,68.83,51.94,,,-1.0271217097882896,underperform,21.015843429636526,105.711578504408,22.042965139424815
127,2011-11-02 06:21:21,1320229281.0,abt,68.83,52.76,,,-6.13537866178936,underperform,22.92637465051257,111.791135618538,29.06175331230193
128,2012-01-01 23:13:40,1325477620.0,abt,67.73,56.23,,,-1.0991940623455534,underperform,31.011183597390477,114.43180312170833,32.11037765973603
129,2012-03-02 20:56:30,1330739790.0,abt,62.85,57.39,,,-10.120082754883597,underperform,33.71388630009319,124.5865822252459,43.83396905497679
130,2012-03-30 05:44:15,1333100655.0,abt,62.85,60.98,,,-6.06521566275557,underperform,42.07828518173344,128.31942669984394,48.14350084448901
131,2013-05-08 18:10:02,1368051002.0,abt,76.36,36.06,,,-91.65607651451727,underperform,-15.983224603914255,152.16489090235876,75.67285191060301
132,2013-08-18 07:12:45,1376824365.0,abt,35.38,34.97,,,-98.40916782566335,underperform,-18.522833178005598,155.8145392915656,79.88633464765775
133,2004-08-16 22:53:27,1092711207.0,ace,0.26,39.1,,,0.0,underperform,0.0,83.05647257868908,0.0
134,2004-10-10 11:27:42,1097422062.0,ace,0.26,41.04,,,-0.23686163569408958,underperform,4.961636828644496,87.37416203022603,5.198498464338585
135,2005-01-13 13:27:29,1105640849.0,ace,0.21,42.76,,,-0.5358712307780475,underperform,9.360613810741679,91.27614396345298,9.896485041519727
136,2007-02-20 18:32:05,1172014325.0,ace,0.171,58.6,,,8.443388829717406,outperform,49.87212276214834,117.46571761697663,41.42873393243093
137,2007-04-05 15:54:06,1175802846.0,ace,0.171,57.24,,,6.148156057069514,outperform,46.39386189258312,116.48313621006231,40.245705835513604
138,2008-01-23 21:48:58,1201142938.0,ace,0.154,59.98,,,21.38014901894835,outperform,53.40153452685421,109.65230585237923,32.02138550790586
139,2010-07-18 23:43:13,1279510993.0,ace,0.154,53.7,,,21.212195232129563,outperform,37.34015345268543,96.4517857756475,16.127958220555865
140,2010-12-07 07:29:30,1291724970.0,ace,23.09,59.06,,,20.301432415965685,outperform,51.04859335038363,108.59397986890933,30.74716093441795
141,2011-08-11 20:49:00,1313110140.0,ace,27.7,63.42,,,35.484333525027594,outperform,62.19948849104859,105.2451379373966,26.715154966021
142,2013-04-23 04:24:03,1366705443.0,ace,24.94,89.27,,,51.34172464984688,outperform,128.31202046035804,146.98528521228215,76.97029581051116
143,2013-05-16 15:08:57,1368731337.0,ace,27.94,92.58,,,51.32769826255894,outperform,136.77749360613808,154.02805841677483,85.44979534357914
144,2003-12-15 23:12:24,1071547944.0,aci,1.074,30.78,,,0.0,underperform,0.0,81.54480887574404,0.0
145,2005-01-24 04:33:07,1106559187.0,aci,1.18,34.52,,,1.2366005578965087,outperform,12.150747238466543,90.44472892683324,10.914146680570035
146,2005-02-05 03:36:51,1107592611.0,aci,1.18,38.4,,,11.246892576128092,outperform,24.75633528265106,92.56105811095634,13.50944270652297
147,2005-03-30 06:50:28,1112183428.0,aci,0.936,41.15,,,20.772158837212064,outperform,33.69070825211175,92.07921530564253,12.918549414899683
148,2006-05-24 04:17:01,1148458621.0,aci,0.854,46.39,,,28.04066803938758,outperform,50.71474983755685,100.03434554239104,22.674081798169272
149,2007-03-11 21:41:07,1173663667.0,aci,0.86,30.08,,,-41.09936913112728,underperform,-2.274204028590003,113.20471555430014,38.82516510253728
150,2007-04-07 18:52:27,1175986347.0,aci,0.86,33.93,,,-32.21770972443264,underperform,10.233918128654967,116.16190767318645,42.4516278530876
151,2008-03-02 17:50:27,1204498227.0,aci,0.851,51.09,,,28.491646797447785,outperform,65.98440545808968,112.11820726780844,37.4927586606419
152,2008-06-05 02:23:56,1212647036.0,aci,0.899,67.52,,,77.2360070221512,outperform,119.3632228719948,115.89736652517115,42.127215849843594
153,2008-10-08 20:51:28,1223513488.0,aci,0.772,25.11,,,-18.014686875973315,underperform,-18.421052631578952,81.21343869699895,-0.4063657556056367
154,2008-12-05 05:35:57,1228473357.0,aci,0.767,11.93,,,-50.97574295294869,underperform,-61.241065627030544,73.17397112068558,-10.265322674081848
155,2009-08-01 05:52:40,1249120360.0,aci,0.767,17.41,,,-45.18888849828158,underperform,-43.43729694606888,82.97314085927957,1.751591552212705
156,2011-08-18 01:16:41,1313644601.0,aci,118.77,19.7,,,-61.95955138693115,underperform,-35.997400909681616,102.71559486245025,25.96215047724954
157,2012-07-26 21:31:10,1343352670.0,aci,113.56,5.26,,,-135.86703066324023,underperform,-82.9109811565952,124.72771823408212,52.95604950664502
158,2012-11-04 10:32:06,1352043126.0,aci,144.73,8.26,,,-134.45872681873882,underperform,-73.16439246263809,131.5271566780859,61.29433435610074
159,2013-04-23 05:25:15,1366709115.0,aci,179.32,4.89,,,-164.36400127813766,underperform,-84.1130604288499,146.98528521228215,80.25094084928777
160,2013-04-25 06:05:53,1366884353.0,aci,179.32,4.76,,,-165.6317438480085,underperform,-84.53541260558805,147.6746571926161,81.09633124242048
161,2003-11-08 10:24:47,1068305087.0,acn,0.076,25.05,,,0.0,underperform,0.0,80.21265523752369,0.0
162,2004-12-10 06:26:24,1102677984.0,acn,0.023,26.2,,,-10.320842414111613,underperform,4.590818363273447,92.17369428707661,14.91166077738506
163,2005-02-10 03:10:56,1108023056.0,acn,0.023,25.51,,,-14.017618473300637,underperform,1.8363273453093847,92.92952613854915,15.853945818610022
164,2005-04-04 05:07:40,1112605660.0,acn,0.023,24.44,,,-16.68719098904663,underperform,-2.43512974051896,91.6446119910459,14.25206124852767
165,2005-09-04 02:06:58,1125814018.0,acn,0.04,25.31,,,-18.42026194959904,underperform,1.037924151696599,95.82058297043172,19.45818610129564
166,2006-06-03 23:44:14,1149392654.0,acn,0.045,27.89,,,-14.705077477553676,underperform,11.337325349301395,101.10195803259607,26.04240282685507
167,2006-08-22 00:50:41,1156222241.0,acn,0.034,28.57,,,-15.134390112517545,underperform,14.051896207584827,103.62375046010395,29.186286320102372
168,2006-08-22 06:44:05,1156243445.0,acn,0.034,28.57,,,-15.134390112517545,underperform,14.051896207584827,103.62375046010395,29.186286320102372
169,2006-08-27 03:22:58,1156663378.0,acn,0.034,28.36,,,-15.5143423400548,underperform,13.21357285429141,103.2560788092928,28.72791519434621
170,2006-11-02 16:40:55,1162503655.0,acn,0.027,32.96,,,-4.818913409929202,underperform,31.57684630738523,109.40666050065064,36.395759717314434
171,2006-11-11 01:01:42,1163224902.0,acn,0.027,33.87,,,-3.3180987847624905,underperform,35.20958083832334,111.1167300646072,38.52767962308583
172,2006-12-03 00:17:12,1165123032.0,acn,0.027,33.81,,,-5.171282875944094,underperform,34.970059880239525,112.41109211025395,40.14134275618362
173,2007-03-14 19:10:39,1173913839.0,acn,0.018,35.39,,,1.6072448742093073,outperform,41.27744510978044,112.03317618451767,39.67020023557113
174,2007-05-05 07:47:14,1178365634.0,acn,0.015,39.1,,,5.53423188957786,outperform,56.087824351297414,120.76303406902557,50.55359246171955
175,2007-06-05 04:17:34,1181031454.0,acn,0.015,41.24,,,10.10777032507432,outperform,64.63073852295409,123.94697574335368,54.52296819787977
176,2007-07-06 07:06:36,1183719996.0,acn,0.015,42.81,,,16.222114075735476,outperform,70.89820359281438,124.06979841921803,54.67608951707891
177,2008-04-07 01:42:51,1207546971.0,acn,0.004,36.77,,,6.221056120973664,outperform,46.78642714570859,112.75121644341665,40.56537102473493
178,2008-10-18 23:21:07,1224386467.0,acn,0.003,31.4,,,31.77033229493314,outperform,25.349301397205583,75.06217586083461,-6.421030897727556
179,2008-12-02 16:28:13,1228253293.0,acn,0.003,29.98,,,31.22363047756081,outperform,19.68063872255489,70.953715056985,-11.542991755005923
180,2008-12-21 20:10:46,1229908246.0,acn,0.001,32.21,,,35.956214778922735,outperform,28.582834331337324,74.29827099975103,-7.37338044758541
181,2009-08-10 19:40:05,1249947605.0,acn,0.001,35.85,,,36.14086315002505,outperform,43.11377245508982,85.8058109384205,6.972909305064773
182,2011-09-01 16:51:37,1314910297.0,acn,0.11,53.62,,,78.80726236205746,outperform,114.05189620758482,108.48331187376414,35.24463384552735
183,2011-11-08 00:40:19,1320730819.0,acn,0.1,58.0,,,87.79599869489843,outperform,131.5369261477046,115.29841457293846,43.74092745280617
184,2012-02-29 00:47:01,1330494421.0,acn,0.15,59.76,,,83.57281312333382,outperform,138.562874251497,124.32164338516075,54.990061128163184
185,2012-11-04 02:11:28,1352013088.0,acn,0.0,67.91,,,107.12473020658796,outperform,171.09780439121755,131.5271566780859,63.973074184629596
186,2013-04-23 04:45:22,1366706722.0,acn,0.0,74.94,,,115.91716893525751,outperform,199.16167664670658,146.98528521228215,83.24450771144907
187,2013-05-10 03:17:29,1368170249.0,acn,0.0,80.09,,,129.93741142927644,outperform,219.72055888223557,152.23010176536332,89.78314745295911
188,2013-05-12 08:27:29,1368361649.0,act,177.28,119.86,,,0.0,underperform,0.0,151.7372939578003,0.0
189,2004-01-25 05:32:05,1075026725.0,adbe,0.0,38.04,,,0.0,underperform,0.0,87.42140152094301,0.0
190,2004-08-21 23:10:00,1093144200.0,adbe,0.0,46.09,,,24.631079947583945,outperform,21.16193480546794,84.38862621690949,-3.4691451421160044
191,2004-11-12 17:19:37,1100297977.0,adbe,0.0,58.1,,,48.086822780527655,outperform,52.733964248159836,91.48399772260798,4.647141467632182
192,2005-02-07 16:20:07,1107811207.0,adbe,0.0,63.67,,,60.78398934588292,outperform,67.3764458464774,93.18461938842121,6.592456500594475
193,2005-04-05 04:12:22,1112688742.0,adbe,0.0,66.58,,,69.69828638860179,outperform,75.02628811777076,92.0792153056426,5.328001729168978
194,2005-08-31 10:51:30,1125499890.0,adbe,0.0,27.12,,,-38.38997054753497,underperform,-28.706624605678225,95.88671825743553,9.683345941856745
195,2006-02-21 13:18:21,1140545901.0,adbe,0.0,37.8,,,-16.701378459914714,underperform,-0.630914826498428,101.47042606018898,16.070463633416285
196,2006-04-07 10:36:37,1144420597.0,adbe,0.0,36.1,,,-22.586115532712135,underperform,-5.099894847528911,102.70810071697522,17.486220685183223
197,2006-06-23 19:31:40,1151105500.0,adbe,0.0,30.5,,,-33.179070692166434,underperform,-19.82124079915878,99.09900362619378,13.35782989300765
198,2006-11-28 09:44:25,1164725065.0,adbe,0.0,40.22,,,-21.471178870228634,underperform,5.730809674027339,111.20176114789794,27.201988544255972
199,2007-01-27 16:50:33,1169934633.0,adbe,0.0,39.26,,,-29.236381459481827,underperform,3.207150368033646,115.78399174745024,32.44353182751547
200,2007-03-09 02:36:54,1173425814.0,adbe,0.0,39.08,,,-26.791595029912205,underperform,2.73396424815983,113.2330592487304,29.525559278072034
201,2007-03-15 06:30:18,1173954618.0,adbe,0.0,39.3,,,-24.49839110265739,underperform,3.3123028391167137,111.73389993754192,27.810693941774105
202,2007-03-28 17:43:54,1175118234.0,adbe,0.0,42.14,,,-20.228031878256445,underperform,10.778128286014725,114.52742129437719,31.006160164271172
203,2007-04-29 08:01:44,1177848104.0,adbe,0.0,42.89,,,-25.48651058462525,underperform,12.749737118822296,120.84806515231624,38.236247703447546
204,2007-04-30 09:07:29,1177938449.0,adbe,0.0,42.89,,,-24.232863118938496,underperform,12.749737118822296,119.7521089676811,36.98260023776079
205,2007-05-01 10:38:04,1178030284.0,adbe,0.0,41.56,,,-28.07501656608827,underperform,9.25341745531021,120.05444170827006,37.32843402139848
206,2007-05-30 21:47:54,1180576074.0,adbe,0.0,43.22,,,-28.152991674738118,underperform,13.617245005257622,123.9375278452103,41.77023667999574
207,2007-05-31 04:45:00,1180601100.0,adbe,0.0,43.22,,,-28.01249670013531,underperform,13.617245005257622,123.81470516934603,41.62974170539293
208,2007-06-30 20:56:00,1183251360.0,adbe,0.0,40.15,,,-33.98633154245715,underperform,5.546792849631965,121.98181292952509,39.533124392089114
209,2007-10-18 06:04:41,1192701881.0,adbe,0.0,45.97,,,-22.415167479714796,underperform,20.846477392218716,125.24133778900045,43.26164487193351
210,2008-01-23 23:45:57,1201149957.0,adbe,0.0,34.33,,,-35.182482096067346,underperform,-9.752891692954787,109.65230585237923,25.429590403112563
211,2008-12-04 14:30:57,1228419057.0,adbe,0.08,22.54,,,-21.941870559387784,underperform,-40.7465825446898,70.98205875141524,-18.804711985302017
212,2008-12-05 00:15:55,1228454155.0,adbe,0.08,20.44,,,-29.969670222622547,underperform,-46.267087276550996,73.17397112068558,-16.29741705392845
213,2008-12-17 11:42:55,1229532175.0,adbe,0.08,22.32,,,-27.93466932542303,underperform,-41.32492113564668,75.71545572126205,-13.390251810223655
214,2008-12-20 21:49:14,1229827754.0,adbe,0.079,22.13,,,-28.43414356306762,underperform,-41.824395373291274,75.71545572126205,-13.390251810223655
215,2011-04-24 04:02:44,1303632164.0,adbe,28.03,33.48,,,-48.579703971328485,underperform,-11.987381703470037,119.41092249656498,36.59232226785845
216,2011-08-05 04:11:46,1312531906.0,adbe,28.17,26.15,,,-54.46655157914214,underperform,-31.25657202944269,107.71189093601453,23.20997954969945
217,2011-09-25 13:42:54,1316972574.0,adbe,28.17,24.88,,,-50.99248516789113,underperform,-34.59516298633018,101.75617038396805,16.39732218156095
218,2011-10-18 13:47:26,1318960046.0,adbe,27.25,26.24,,,-57.441950908330355,underperform,-31.019978969505786,110.51985969933372,26.42197193882457
219,2012-03-24 12:13:07,1332605587.0,adbe,25.26,33.81,,,-57.27704765740548,underperform,-11.119873817034692,127.77264979465322,46.15717384037079
220,2012-07-02 04:31:22,1341217882.0,adbe,24.76,32.37,,,-57.93572612727211,underperform,-14.90536277602524,125.03914824215724,43.03036335124687
221,2004-01-20 06:29:18,1074598158.0,adi,0.0,50.5,,,0.0,underperform,0.0,86.95845451191609,0.0
222,2004-05-12 18:46:27,1084401987.0,adi,0.0,45.04,,,-7.867509175950225,underperform,-10.811881188118813,84.39807411505288,-2.9443720121685875
223,2004-06-22 09:09:13,1087909753.0,adi,0.0,45.03,,,-11.168493250889647,underperform,-10.831683168316829,87.25133935436172,0.33681008257281747
224,2004-08-10 02:07:28,1092118048.0,adi,0.0,35.92,,,-24.460161531146554,underperform,-28.87128712871287,83.1226078656929,-4.411125597566313
225,2004-11-11 09:56:15,1100184975.0,adi,0.0,38.5,,,-28.140907311070094,underperform,-23.762376237623762,90.76595746370903,4.378531073446333
226,2005-01-24 03:34:28,1106555668.0,adi,0.0,34.47,,,-35.75170072417938,underperform,-31.742574257425744,90.44472892683324,4.009126466753634
227,2005-03-17 01:05:45,1111039545.0,adi,0.0,35.92,,,-35.39019195270248,underperform,-28.87128712871287,92.6271933979602,6.518904823989612
228,2005-04-08 23:33:20,1113017600.0,adi,0.0,35.67,,,-35.09210803740089,underperform,-29.366336633663366,91.93749683349148,5.725771403737522
229,2005-09-07 23:00:53,1126148453.0,adi,0.0,36.88,,,-38.43270467855136,underperform,-26.970297029702966,96.9259870532103,11.46240764884839
230,2005-10-31 08:19:48,1130764788.0,adi,0.0,34.61,,,-39.99424701270644,underperform,-31.465346534653467,94.37505455449038,8.528900478052973
231,2006-12-06 22:26:10,1165461970.0,adi,0.0,33.57,,,-63.94630832053216,underperform,-33.524752475247524,113.41256931345508,30.421555845284637
232,2007-02-20 18:32:29,1172014349.0,adi,0.0,32.97,,,-69.79544408156593,underperform,-34.71287128712871,117.46571761697663,35.082572794437226
233,2007-04-05 11:21:28,1175786488.0,adi,0.0,35.37,,,-63.91302533121632,underperform,-29.960396039603964,116.48313621006231,33.952629291612354
234,2008-01-23 20:59:26,1201139966.0,adi,0.0,27.74,,,-71.16665590939803,underperform,-45.069306930693074,109.65230585237923,26.09734897870495
235,2008-04-17 12:21:31,1208449291.0,adi,0.0,31.44,,,-67.49050993756477,underperform,-37.742574257425744,112.82679962856383,29.74793568013902
236,2008-10-14 20:39:34,1224031174.0,adi,0.0,22.77,,,-50.46717096742269,underperform,-54.910891089108915,83.09426417126271,-4.443720121686227
237,2008-12-12 10:52:17,1229097137.0,adi,0.0,18.46,,,-48.604171238505906,underperform,-63.445544554455445,74.05262564802246,-14.841373315949538
238,2008-12-18 00:52:29,1229579549.0,adi,0.0,19.68,,,-46.4708155300537,underperform,-61.02970297029703,74.29827099975103,-14.558887440243332
239,2009-03-27 16:45:23,1238186723.0,adi,0.0,20.0,,,-39.687651946420246,underperform,-60.396039603960396,68.9507606505828,-20.708387657540147
240,2011-08-05 04:12:35,1312531955.0,adi,25.32,31.63,,,-61.23225805623713,underperform,-37.366336633663366,107.71189093601453,23.86592142257376
241,2012-03-19 11:50:51,1332172251.0,adi,22.65,39.7,,,-68.99211805998235,underperform,-21.38613861386138,128.3558784935233,47.60597944612096
242,2013-04-22 02:24:41,1366611881.0,adi,17.57,42.36,,,-83.42334388990854,underperform,-16.11881188118812,145.48543536317723,67.30453200872041
243,2013-05-11 12:07:46,1368288466.0,adi,17.57,46.79,,,-82.33226980301004,underperform,-7.346534653465349,152.16489090235876,74.98573514954468
244,2003-11-12 17:41:28,1068676888.0,adm,0.733,14.48,,,0.0,underperform,0.0,80.59057116325991,0.0
245,2004-01-31 04:11:22,1075540282.0,adm,0.703,15.66,,,1.0331103094051555,outperform,8.149171270718229,86.32544533630788,7.116060961313074
246,2004-04-14 16:44:25,1081975465.0,adm,0.789,16.81,,,8.57650605921245,outperform,16.091160220994464,86.64667387318372,7.514654161782014
247,2004-06-19 13:33:48,1087666428.0,adm,0.848,16.28,,,4.341841922885093,outperform,12.43093922651934,87.1096208822106,8.089097303634247
248,2004-11-30 07:08:52,1101816532.0,adm,0.613,21.23,,,33.62657309593051,outperform,46.61602209944751,91.05884230615463,12.989449003516999
249,2005-01-26 00:58:06,1106719086.0,adm,0.613,22.65,,,43.53871289501468,outperform,56.42265193370164,90.97381122286394,12.883939038686954
250,2005-02-08 21:21:16,1107915676.0,adm,0.613,23.71,,,47.98693917470348,outperform,63.74309392265194,93.28854626799867,15.756154747948461
251,2005-02-14 20:39:46,1108431586.0,adm,0.528,24.5,,,52.985530432079116,outperform,69.1988950276243,93.65701429559154,16.213364595545183
252,2006-04-06 18:53:48,1144364028.0,adm,0.52,37.05,,,127.11283866496528,outperform,155.87016574585633,103.76626530903683,28.75732708089105
253,2006-04-07 06:53:49,1144407229.0,adm,0.52,36.92,,,127.52806150537909,outperform,154.97237569060772,102.70810071697522,27.44431418522863
254,2006-04-12 00:58:21,1144817901.0,adm,0.52,36.55,,,125.61759600500018,outperform,152.4171270718232,102.18846631908785,26.799531066823008
255,2006-04-22 19:30:52,1145748652.0,adm,0.52,37.86,,,132.62469801092016,outperform,161.46408839779005,103.83240059604063,28.839390386869894
256,2006-04-23 14:17:44,1145816264.0,adm,0.52,37.86,,,132.44884806953675,outperform,161.46408839779005,103.97411906819177,29.015240328253295
257,2006-04-24 19:49:42,1145922582.0,adm,0.52,38.45,,,136.74617696398155,outperform,165.5386740331492,103.79460900346699,28.79249706916765
258,2006-04-28 06:30:41,1146220241.0,adm,0.52,36.19,,,120.58744567435048,outperform,149.9309392265193,104.23866021620712,29.34349355216884
259,2006-05-16 14:27:00,1147804020.0,adm,0.514,43.1,,,170.43036277551437,outperform,197.65193370165747,102.52859065225053,27.221570926143094
260,2007-02-20 08:05:08,1171976708.0,adm,0.541,35.88,,,102.03390050067034,outperform,147.79005524861878,117.46571761697663,45.75615474794845
261,2007-03-07 08:11:55,1173273115.0,adm,0.541,32.96,,,88.3394324872241,outperform,127.62430939226519,112.2504778418161,39.28487690504109
262,2007-04-09 12:40:37,1176136837.0,adm,0.541,37.02,,,110.92675833748946,outperform,155.66298342541438,116.64375047850018,44.73622508792492
263,2007-06-18 03:24:32,1182151472.0,adm,0.597,34.57,,,84.88611854164375,outperform,138.74309392265195,123.9942152340707,53.8569753810082
264,2007-06-19 05:10:54,1182244254.0,adm,0.597,34.75,,,85.74234259325227,outperform,139.98618784530385,124.30599587280311,54.24384525205157
265,2007-10-12 05:57:34,1192183054.0,adm,0.47,34.9,,,82.95644880273062,outperform,141.0220994475138,127.38601066755379,58.06565064478318
266,2008-01-23 23:14:44,1201148084.0,adm,0.62,40.85,,,146.05229835549534,outperform,182.11325966850828,109.65230585237923,36.06096131301294
267,2009-01-09 16:47:55,1231537675.0,adm,0.628,27.94,,,100.21254201939206,outperform,92.95580110497238,74.74232221249112,-7.256740914419682
268,2011-07-29 19:09:22,1311980962.0,adm,85.48,30.64,,,67.6534212120544,outperform,111.60220994475138,116.00915102227482,43.94878873269698
269,2011-08-05 04:13:27,1312532007.0,adm,85.48,28.05,,,60.06225264100071,outperform,93.71546961325967,107.71189093601453,33.65321697225896
270,2011-09-28 04:29:00,1317198540.0,adm,54.78,25.77,,,49.15012834241921,outperform,77.9696132596685,103.81635866438066,28.819484917249294
271,2011-12-31 04:39:51,1325324391.0,adm,51.59,28.6,,,56.974599562497914,outperform,97.51381215469614,113.26135413640064,40.539212592198226
272,2012-07-28 11:39:41,1343489981.0,adm,55.68,27.54,,,37.93806112590539,outperform,90.19337016574585,122.70342318159392,52.255309039840455
273,2013-06-07 17:17:34,1370639854.0,adm,46.71,33.02,,,37.5387173113232,outperform,128.0386740331492,153.5250031878825,90.499956721826
274,2004-05-12 18:03:39,1084399419.0,adp,0.015,45.7,,,0.0,underperform,0.0,84.39807411505288,0.0
275,2006-05-29 06:22:46,1148898166.0,adp,0.012,45.98,,,-19.99628648085519,underperform,0.6126914660831378,101.79165459706479,20.608977946938328
276,2006-06-27 09:26:37,1151414797.0,adp,0.012,44.48,,,-19.595588946744503,underperform,-2.6695842450765994,98.68329610788389,16.926004701667903
277,2007-02-20 18:32:39,1172014359.0,adp,0.012,50.7,,,-28.239647401847087,underperform,10.940919037199125,117.46571761697663,39.18056643904621
278,2007-04-28 09:46:50,1177768010.0,adp,0.012,45.17,,,-44.17999936801589,underperform,-1.1597374179431095,120.7063466801652,43.02026195007278
279,2007-05-28 15:46:58,1180381618.0,adp,0.007,49.23,,,-37.41172369751872,underperform,7.724288840262568,122.49199942926909,45.13601253778128
280,2007-06-30 05:05:33,1183194333.0,adp,0.007,48.47,,,-38.47024322325623,underperform,6.061269146608305,121.98181292952509,44.53151236986454
281,2007-10-22 09:12:40,1193058760.0,adp,0.008,47.52,,,-41.36621251176698,underperform,3.982494529540482,122.67150949399375,45.34870704130746
282,2008-01-23 19:35:35,1201134935.0,adp,0.078,38.56,,,-45.546390696997655,underperform,-15.62363238512035,109.65230585237923,29.922758311877303
283,2008-12-07 07:53:01,1228654381.0,adp,0.288,37.59,,,-1.8500551516382266,underperform,-17.746170678336977,70.98205875141524,-15.89611552669875
284,2009-03-27 23:09:31,1238209771.0,adp,0.288,35.5,,,-4.016553085074644,underperform,-22.31947483588622,68.9507606505828,-18.302921750811574
285,2009-06-22 11:11:50,1245683510.0,adp,0.288,35.68,,,-11.805821161719084,underperform,-21.925601750547052,75.85717419341312,-10.119780588827968
286,2011-08-05 04:11:51,1312531911.0,adp,0.57,47.88,,,-22.853395342921054,underperform,4.770240700218817,107.71189093601453,27.62363604313987
287,2011-09-30 03:20:09,1317367209.0,adp,0.62,48.12,,,-15.581332659594263,underperform,5.295404814004364,102.01763848082567,20.876737473598627
288,2012-01-04 00:07:51,1325653671.0,adp,0.61,54.46,,,-18.11589401365289,underperform,19.16849015317286,115.86537629751152,37.28438416682575
289,2012-04-20 21:07:33,1334970453.0,adp,0.58,55.02,,,-28.55872419833093,underperform,20.393873085339166,125.71312345176813,48.952597283670094
290,2012-07-26 00:02:28,1343275348.0,adp,0.27,55.41,,,-26.53776414410538,underperform,21.247264770240683,124.72771823408212,47.785028914346064
291,2012-11-04 17:34:40,1352068480.0,adp,0.26,57.37,,,-30.305314403817317,underperform,25.536105032822743,131.5271566780859,55.84141943664006
292,2013-02-06 18:15:11,1360192511.0,adp,7.29,60.33,,,-34.097399916773625,underperform,32.01312910284463,140.19408739488384,66.11052901961826
293,2013-04-23 04:13:36,1366704816.0,adp,0.46,65.5,,,-30.83111615620463,underperform,43.326039387308526,146.98528521228215,74.15715554351316
294,2013-04-26 14:37:22,1367001442.0,adp,0.46,66.59,,,-28.953742615259976,underperform,45.71115973741794,147.41381374059785,74.66490235267791
295,2003-10-03 16:48:40,1065214120.0,adsk,0.0,18.44,,,0.0,underperform,0.0,78.36086720141589,0.0
296,2004-06-20 07:36:21,1087731381.0,adsk,0.0,39.4,,,102.65798604118586,outperform,113.66594360086766,86.98679820634636,11.007957559681804
297,2004-08-03 23:39:21,1091590761.0,adsk,0.0,39.96,,,108.84171554378752,outperform,116.70281995661604,84.52089679091709,7.861104412828528
298,2005-02-25 15:10:44,1109362244.0,adsk,0.0,29.83,,,41.512289416021865,outperform,61.767895878524925,94.23333608233932,20.25560646250306
299,2005-04-19 09:08:08,1113916088.0,adsk,0.0,31.69,,,57.10906454604561,outperform,71.85466377440348,89.9156466308024,14.745599228357866
300,2007-03-09 02:37:05,1173425825.0,adsk,0.0,38.53,,,64.44588958800934,outperform,108.94793926247289,113.2330592487304,44.50204967446355
301,2007-03-11 12:08:50,1173629330.0,adsk,0.0,38.54,,,64.53629024875934,outperform,109.00216919739694,113.20471555430014,44.4658789486376
302,2007-04-07 14:32:35,1175970755.0,adsk,0.0,39.55,,,66.23970128158919,outperform,114.47939262472882,116.16190767318645,48.23969134313963
303,2007-05-29 18:50:01,1180479001.0,adsk,0.0,44.53,,,84.60140540139037,outperform,141.48590021691973,122.93605064200915,56.884494815529365
304,2007-12-24 21:50:49,1198551049.0,adsk,0.0,51.02,,,120.67678749554725,outperform,176.6811279826464,122.24635407754043,56.004340487099135
305,2008-01-23 23:44:14,1201149854.0,adsk,0.0,40.75,,,81.05450350382645,outperform,120.9869848156182,109.65230585237923,39.93248131179174
306,2008-03-02 21:47:36,1204512456.0,adsk,0.0,31.09,,,25.521533220313835,outperform,68.60086767895878,112.11820726780844,43.079334458644944
307,2009-06-18 19:51:54,1245369114.0,adsk,0.0,20.69,,,12.76948828118835,outperform,12.20173535791757,77.91597108717951,-0.5677529232707786
308,2012-06-10 06:28:33,1339324113.0,adsk,0.0,32.78,,,24.198661662882486,outperform,77.76572668112797,120.33648388405933,53.567065018245486
309,2012-08-28 20:58:45,1346201925.0,adsk,0.0,31.23,,,4.075743752831954,outperform,69.36008676789587,129.51824453476695,65.28434301506391
310,2012-11-07 12:09:30,1352308170.0,adsk,0.0,32.41,,,11.565954091846038,outperform,75.75921908893706,128.66326633803936,64.19326499709102
311,2013-02-06 12:50:17,1360173017.0,adsk,5.45,39.06,,,32.913835997648334,outperform,111.82212581344902,140.19408739488384,78.90828981580069
312,2013-05-14 02:47:26,1368514046.0,adsk,36.49,38.9,,,14.522746057073974,outperform,110.95444685466376,153.92558420348192,96.43170079758978
313,2013-04-23 04:44:32,1366706672.0,adt,48.01,43.84,,,0.0,underperform,0.0,146.98528521228215,0.0
314,2013-05-09 13:05:42,1368119142.0,adt,69.94,44.47,,,-1.7959388384269837,underperform,1.4370437956204276,151.7372939578003,3.2329826340474113
315,2004-09-24 17:33:50,1096061630.0,aee,0.804,46.07,,,0.0,underperform,0.0,85.83415463285066,0.0
316,2004-11-02 15:30:15,1099427415.0,aee,0.804,48.01,,,2.328759841064011,outperform,4.210983286303446,87.44974521537324,1.882223445239435
317,2005-03-05 21:55:16,1110077716.0,aee,0.974,51.83,,,2.948503025772803,outperform,12.502713262426738,94.03493022132784,9.554210236653935
318,2005-12-16 06:43:01,1134733381.0,aee,0.863,52.32,,,-2.6912552851126836,underperform,13.566312133709571,99.7887001906625,16.257567418822255
319,2006-01-10 11:29:29,1136910569.0,aee,0.863,51.66,,,-6.4683817869938025,underperform,12.133709572389833,101.80110249520816,18.602091359383635
320,2007-02-20 06:12:12,1171969932.0,aee,0.965,53.51,,,-20.702615805982663,underperform,16.14933796396787,117.46571761697663,36.85195376995053
321,2007-12-15 01:09:10,1197698950.0,aee,1.02,53.77,,,-25.091476813955605,underperform,16.7136965487302,121.71727178150968,41.80517336268581
322,2008-01-23 19:17:07,1201133827.0,aee,1.02,46.34,,,-27.16297218979189,underperform,0.5860646841762603,109.65230585237923,27.74903687396815
323,2009-02-21 00:56:51,1235195811.0,aee,1.02,25.73,,,-21.387410390663263,underperform,-44.15020620794443,66.29590127228548,-22.762795817281166
324,2010-02-18 18:51:00,1266537060.0,aee,1.02,25.625,,,-57.00393349802026,underperform,-44.378120251790754,96.67141469827423,12.625813246229509
325,2010-03-23 07:53:00,1269345180.0,aee,1.02,25.82,,,-63.675090434420284,underperform,-43.95485131321901,102.76085517411046,19.72023912120127
326,2012-04-23 16:14:50,1335212090.0,aee,86.81,31.45,,,-76.96324394968934,underperform,-31.734317343173434,124.65602143506605,45.228926606515905
327,2013-05-15 17:35:45,1368653745.0,aee,94.51,36.37,,,-101.34449520181334,underperform,-21.054916431517263,154.75003582861103,80.28957877029609
328,2007-03-17 16:26:12,1174163172.0,aeo,94.51,29.89,,,0.0,underperform,0.0,112.03317618451767,0.0
329,2007-09-20 19:04:16,1190329456.0,aeo,94.51,25.61,,,-24.556984424985334,underperform,-14.319170291067252,123.50292453061357,10.237814133918082
330,2007-10-13 18:24:50,1192314290.0,aeo,94.51,24.43,,,-31.894909433764063,underperform,-18.266978922716632,127.30097958426308,13.62793051104743
331,2008-01-24 01:42:43,1201156963.0,aeo,94.51,22.64,,,-22.95690258219542,underperform,-24.25560388089662,110.57819987043314,-1.2987012987011985
332,2008-12-08 10:59:42,1228751982.0,aeo,0.054,9.73,,,-35.03880620125038,underperform,-67.44730679156909,75.72490361940547,-32.40850059031871
333,2009-01-12 14:36:10,1231788970.0,aeo,0.054,10.13,,,-31.221227144156664,underperform,-66.10906657745065,72.9472215652438,-34.88783943329398
334,2009-03-07 19:29:00,1236472140.0,aeo,0.054,8.91,,,-23.901274369658466,underperform,-70.19069923051188,60.173663275357846,-46.289424860853416
335,2011-11-17 07:59:18,1321534758.0,aeo,0.054,13.97,,,-51.52891745228187,underperform,-53.261960521913686,110.09159298896348,-1.7330430696318178
336,2012-01-01 20:57:00,1325469420.0,aeo,0.054,15.29,,,-50.986764811819796,underperform,-48.84576781532285,114.43180312170833,2.1409969964969466
337,2012-07-23 18:32:30,1343082750.0,aeo,0.054,20.27,,,-42.632737436031235,underperform,-32.18467714954835,123.73846997313767,10.448060286482889
338,2012-10-14 08:11:53,1350216713.0,aeo,0.054,21.54,,,-45.77158744330771,underperform,-27.93576446972232,132.01521516047328,17.835822973585394
339,2013-03-30 07:41:32,1364643692.0,aeo,0.054,18.7,,,-67.3131442565978,underperform,-37.4372699899632,145.50406703832138,29.875874266634593
340,2013-05-10 12:59:12,1368205152.0,aeo,0.054,19.57,,,-70.40608157516,underperform,-34.52659752425561,152.23010176536332,35.879484050904395
341,2004-08-03 23:58:46,1091591926.0,aep,1.754,31.64,,,0.0,underperform,0.0,84.52089679091709,0.0
342,2004-10-10 13:54:05,1097430845.0,aep,1.739,32.38,,,-1.0369987872170112,underperform,2.3388116308470353,87.37416203022603,3.3758104180640465
343,2005-04-04 22:37:45,1112668665.0,aep,1.435,33.96,,,-1.095857346636473,underperform,7.332490518331227,91.6446119910459,8.4283478649677
344,2007-03-07 02:53:36,1173254016.0,aep,1.342,45.33,,,10.46005630637302,outperform,43.26801517067003,112.2504778418161,32.807958864297014
345,2007-04-10 20:12:53,1176250373.0,aep,1.457,49.34,,,17.779538588462927,outperform,55.94184576485463,116.77602105250787,38.1623071763917
346,2008-01-23 20:30:47,1201138247.0,aep,1.55,43.82,,,8.76161590981473,outperform,38.49557522123894,109.65230585237923,29.733959311424208
347,2011-04-08 04:53:43,1302252823.0,aep,136.63,35.47,,,-28.203256739989087,underperform,12.10493046776232,118.5897380990703,40.30818720775141
348,2011-11-13 10:16:12,1321197372.0,aep,120.73,39.52,,,-7.711332290686553,underperform,24.905183312262967,112.08866828047942,32.61651560294952
349,2012-07-27 00:36:41,1343363801.0,aep,123.75,41.95,,,-17.699658917301164,underperform,32.58533501896335,127.02222461710613,50.28499393626451
350,2013-04-25 05:13:54,1366881234.0,aep,126.19,50.9,,,-13.847386333464499,underperform,60.87231352718078,147.6746571926161,74.71969986064528
351,2003-10-03 17:23:47,1065216227.0,aes,101.18,7.96,,,0.0,underperform,0.0,78.36086720141589,0.0
352,2003-12-15 21:31:38,1071541898.0,aes,29.748,8.39,,,1.3388318491419433,outperform,5.402010050251263,81.54480887574404,4.06317820110932
353,2004-08-04 00:04:30,1091592270.0,aes,15.619,9.66,,,13.507736415378027,outperform,21.356783919597994,84.51144889277374,7.849047504219968
354,2004-10-26 04:29:14,1098779354.0,aes,15.619,11.05,,,29.197682407697975,outperform,38.819095477386945,85.90028991985453,9.621413069688968
355,2004-12-05 09:19:07,1102256347.0,aes,12.944,12.42,,,38.40295036794777,outperform,56.03015075376885,92.17369428707661,17.627200385821084
356,2005-02-18 08:12:43,1108732363.0,aes,10.698,16.48,,,87.80440664862763,outperform,107.03517587939697,93.4302647401498,19.23076923076934
357,2007-02-19 02:26:15,1171869975.0,aes,6.513,22.3,,,130.56068866153774,outperform,180.15075376884423,117.22007226524799,49.59006510730648
358,2007-04-11 05:09:29,1176282569.0,aes,6.513,22.42,,,133.23774648501728,outperform,181.65829145728645,116.30362614533759,48.42054497226918
359,2008-01-23 21:05:49,1201140349.0,aes,5.378,17.9,,,84.94189054750473,outperform,124.87437185929646,109.65230585237923,39.93248131179174
360,2008-04-23 21:50:03,1209001803.0,aes,5.687,17.63,,,76.7995087567084,outperform,121.48241206030148,113.37477772088153,44.68290330359307
361,2011-05-23 09:17:49,1306156669.0,aes,178.11,13.02,,,13.141141636646857,outperform,63.56783919597989,117.87566470994447,50.426697559333036
362,2011-07-24 02:55:42,1311490542.0,aes,178.11,12.68,,,5.345051095342221,outperform,59.2964824120603,120.63767664877244,53.95143131671808
363,2013-05-23 20:50:51,1369356651.0,aes,279.88,12.9,,,-34.6329436474658,underperform,62.060301507537694,154.13053263006768,96.6932451550035
364,2004-02-15 08:22:54,1076851374.0,aet,0.211,77.5,,,0.0,underperform,0.0,88.06385859469472,0.0
365,2004-08-03 20:44:23,1091580263.0,aet,0.193,86.6,,,15.765108963111478,outperform,11.74193548387096,84.52089679091709,-4.023173479240517
366,2004-11-30 04:45:36,1101807936.0,aet,0.178,118.21,,,49.12810961027999,outperform,52.52903225806451,91.05884230615463,3.400922647784522
367,2005-02-04 06:20:07,1107516007.0,aet,0.178,130.85,,,62.88441292814355,outperform,68.83870967741935,93.30744206428547,5.954296749275801
368,2005-04-08 02:12:37,1112940757.0,aet,0.177,76.32,,,-5.921250315797466,underperform,-1.522580645161299,91.93749683349148,4.398669670636167
369,2005-09-23 17:26:49,1127510809.0,aet,0.17,82.71,,,-1.6134348038248305,underperform,6.7225806451612815,95.40487545212176,8.336015448986112
370,2006-01-11 03:31:09,1136968269.0,aet,0.172,92.65,,,3.5844347311481712,outperform,19.5483870967742,102.12233103208405,15.963952365626028
371,2006-05-07 11:34:24,1147016064.0,aet,0.155,37.99,,,-69.25121698834747,underperform,-50.98064516129032,104.15362913291646,18.270571827057154
372,2007-01-25 23:46:33,1169786793.0,aet,0.253,41.1,,,-76.90015262103253,underperform,-46.96774193548387,114.42349441479959,29.932410685548668
373,2007-02-20 08:05:18,1171976718.0,aet,0.253,45.61,,,-74.53536274316403,underperform,-41.148387096774194,117.46571761697663,33.386975646389836
374,2007-04-06 18:34:03,1175898843.0,aet,0.272,45.0,,,-73.70246166305007,underperform,-41.935483870967744,116.03908499732218,31.76697779208233
375,2008-01-23 22:12:23,1201144343.0,aet,0.31,54.11,,,-54.69518222812863,underperform,-30.180645161290325,109.65230585237923,24.514537066838304
376,2008-02-22 22:13:00,1203736380.0,aet,0.31,50.13,,,-61.47212087862641,underperform,-35.31612903225806,111.09783426832043,26.155991846368348
377,2008-11-01 10:58:06,1225551486.0,aet,0.389,24.87,,,-55.83326669913561,underperform,-67.90967741935484,77.42890533472631,-12.076410720219224
378,2009-10-02 08:48:44,1254487724.0,aet,0.389,27.58,,,-63.76919546912799,underperform,-64.41290322580645,87.49698470609033,-0.6437077566784493
379,2009-10-15 09:39:45,1255613985.0,aet,0.389,26.03,,,-72.7748815543119,underperform,-66.41290322580645,93.66646219373489,6.361978328505454
380,2012-12-19 21:05:07,1355969107.0,aet,43.0,46.0,,,-91.5261490049678,underperform,-40.64516129032258,132.8716196673039,50.88098771464523
381,2013-06-05 05:12:09,1370423529.0,aet,63.37,59.36,,,-94.00807876157265,underperform,-23.406451612903226,150.23837569245256,70.60162714866942
382,2003-10-03 17:29:50,1065216590.0,afl,0.173,33.43,,,0.0,underperform,0.0,78.36086720141589,0.0
383,2003-12-07 12:26:30,1070817990.0,afl,0.206,35.47,,,2.039125119261602,outperform,6.102303320370922,81.54480887574404,4.06317820110932
384,2004-06-27 21:50:24,1088387424.0,afl,0.203,40.4,,,8.889083004836856,outperform,20.849536344600654,87.73318215967551,11.960453339763799
385,2004-08-29 05:10:22,1093770622.0,afl,0.226,39.99,,,10.881834288953625,outperform,19.62309303021239,85.21059335538583,8.741258741258767
386,2005-01-25 00:35:34,1106631334.0,afl,0.189,39.58,,,2.6382701643410815,outperform,18.396649715824108,90.70927007484858,15.758379551483026
387,2005-03-17 18:20:48,1111101648.0,afl,0.189,38.22,,,-3.877484496792036,underperform,14.328447502243492,92.6271933979602,18.205931999035528
388,2005-04-06 19:09:19,1112828959.0,afl,0.189,37.0,,,-7.237535381779237,underperform,10.679030810649119,92.40044384251844,17.916566192428355
389,2005-08-28 22:41:53,1125283313.0,afl,0.162,43.93,,,10.032015185862065,outperform,31.40891414896799,95.11199060967617,21.376898963105926
390,2006-02-02 01:16:50,1138861010.0,afl,0.212,47.17,,,13.213178046024876,outperform,41.10080765779241,100.21385560711578,27.887629611767533
391,2006-05-28 02:32:55,1148797975.0,afl,0.185,46.78,,,10.696187470610482,outperform,39.93419084654503,101.27202019917745,29.238003375934547
392,2007-02-20 18:32:53,1172014373.0,afl,0.171,48.45,,,-4.973840872321553,underperform,44.92970385880946,117.46571761697663,49.903544731131014
393,2007-04-08 10:16:28,1176041788.0,afl,0.171,47.92,,,-5.305324710257352,underperform,43.34430152557584,116.48313621006231,48.64962623583319
394,2008-01-23 12:52:38,1201110758.0,afl,0.172,61.31,,,43.465664066610906,outperform,83.39814537840265,109.65230585237923,39.93248131179174
395,2009-01-29 12:02:15,1233248535.0,afl,0.241,25.06,,,-15.548604489469108,underperform,-25.037391564463064,70.92537136255476,-9.488787074993956
396,2011-12-30 09:10:57,1325254257.0,afl,33.03,43.27,,,-15.87929815810094,underperform,29.434639545318586,113.86926174892479,45.313937703419526
397,2012-07-17 03:10:14,1342509014.0,afl,30.49,43.2,,,-30.167773113369833,underperform,29.225246784325464,124.90175265035941,59.3930198976953
398,2013-05-07 11:42:45,1367941365.0,afl,27.57,55.61,,,-26.95734602146014,underperform,66.34759198324858,151.4754257636491,93.30493800470872
399,2003-11-17 22:46:03,1069127163.0,agn,0.739,76.65,,,0.0,underperform,0.0,79.52295867305493,0.0
400,2004-06-19 14:49:29,1087670969.0,agn,0.695,91.42,,,9.72919016363379,outperform,19.26940639269406,87.1096208822106,9.540216229060269
401,2004-08-10 02:33:38,1092119618.0,agn,0.637,69.32,,,-14.089501870883641,underperform,-9.562948467058071,83.1226078656929,4.526553403825569
402,2004-11-02 14:09:49,1099422589.0,agn,0.637,72.5,,,-15.382142545206236,underperform,-5.414220482713641,87.44974521537324,9.967922062492596
403,2005-03-10 01:40:57,1110436857.0,agn,0.522,75.47,,,-19.85953163312753,underperform,-1.5394651011089455,94.09161761018824,18.320066532018586
404,2005-04-04 23:20:33,1112671233.0,agn,0.522,69.07,,,-25.132067002287354,underperform,-9.889106327462507,91.6446119910459,15.242960674824847
405,2005-08-29 12:42:47,1125333767.0,agn,0.51,92.83,,,1.4107069522966924,outperform,21.10893672537507,95.18757379482345,19.698229773078378
406,2006-06-21 09:29:01,1150896541.0,agn,0.47,104.14,,,10.677197027945077,outperform,35.86431833007174,99.55250273707733,25.187121302126663
407,2007-02-20 16:30:00,1172007000.0,agn,0.544,113.32,,,0.12787310122603657,outperform,47.840834964122614,117.46571761697663,47.71296186289658
408,2007-04-06 22:28:10,1175912890.0,agn,0.544,113.52,,,2.1827877464463867,outperform,48.10176125244617,116.03908499732218,45.91897350599978
409,2008-01-23 23:06:53,1201147613.0,agn,0.449,65.01,,,-53.07351839197865,underperform,-15.185909980430528,109.65230585237923,37.88760841154812
410,2008-02-16 18:44:49,1203205489.0,agn,0.436,63.89,,,-57.12470204237516,underperform,-16.647097195042406,111.71194764764184,40.477604847332756
411,2008-05-17 08:24:31,1211027071.0,agn,0.429,54.11,,,-75.1352747185382,underperform,-29.406392694063932,115.88791862702764,45.72888202447427
412,2012-08-11 08:06:33,1344686793.0,agn,28.52,85.61,,,-50.13133167015695,underperform,11.689497716894968,128.68471127786003,61.82082938705192
413,2012-08-22 22:58:41,1345690721.0,agn,28.52,85.43,,,-51.89810143246526,underperform,11.454664057403784,129.9029521918009,63.35276548986904
414,2013-04-22 02:49:52,1366613392.0,agn,26.63,113.74,,,-34.558934290212946,underperform,48.38878016960207,145.48543536317723,82.94771445981502
415,2013-05-12 05:08:18,1368349698.0,agn,40.37,104.18,,,-54.892913578999334,underperform,35.916503587736464,151.7372939578003,90.8094171667358
416,2004-02-15 09:40:39,1076856039.0,aig,1.15,74.72,,,0.0,underperform,0.0,88.06385859469472,0.0
417,2004-08-18 11:50:54,1092844254.0,aig,1.173,68.32,,,-4.391938536706635,underperform,-8.565310492505361,84.38862621690949,-4.173371955798726
418,2005-01-18 04:07:03,1106039223.0,aig,1.162,66.14,,,-16.76127298377835,underperform,-11.482869379014987,92.7122244812508,5.278403604763365
419,2005-04-28 12:07:20,1114704440.0,aig,1.162,51.85,,,-31.637534123747663,underperform,-30.607601713062095,88.97085681646179,1.0299324106855672
420,2006-01-07 18:38:22,1136677102.0,aig,1.294,70.11,,,-20.331270861059064,underperform,-6.169700214132762,100.5350841439917,14.161570646926302
421,2006-06-17 17:06:59,1150578419.0,aig,1.384,59.87,,,-31.06398350573533,underperform,-19.87419700214133,97.91801635826798,11.189786503594
422,2007-01-23 22:00:19,1169607619.0,aig,1.384,69.8,,,-37.010502406782365,underperform,-6.584582441113493,114.85809772939635,30.425919965668875
423,2007-03-15 06:01:57,1173952917.0,aig,1.687,67.0,,,-37.210175392488466,underperform,-10.331905781584581,111.73389993754192,26.87826961090388
424,2007-05-04 05:36:10,1178271370.0,aig,1.687,70.65,,,-43.844169827198215,underperform,-5.447002141327614,121.87788604994762,38.3971676858706
425,2007-06-05 04:27:22,1181032042.0,aig,1.614,72.55,,,-43.65087658661207,underperform,-2.904175588865099,123.94697574335368,40.74670099774697
426,2007-07-06 07:35:21,1183721721.0,aig,1.614,70.27,,,-46.841738463514176,underperform,-5.955567451820133,124.06979841921803,40.886171011694046
427,2008-01-23 16:02:26,1201122146.0,aig,1.918,52.07,,,-54.827706231720526,underperform,-30.313169164882225,109.65230585237923,24.514537066838304
428,2008-05-23 12:57:40,1211561860.0,aig,2.282,37.81,,,-78.06420370341016,underperform,-49.397751605995715,113.30864243387768,28.666452097414446
429,2008-09-21 02:42:52,1221979372.0,aig,2.411,3.85,,,-107.76056344701719,underperform,-94.84743040685225,99.43566181533038,12.91313304016494
430,2008-10-27 11:48:40,1225122520.0,aig,2.411,1.7,,,-76.90935355794139,underperform,-97.72483940042827,69.73293857656837,-20.815485842486883
431,2008-12-17 11:42:57,1229532177.0,aig,3.273,1.8,,,-83.56890579100359,underperform,-97.59100642398288,75.71545572126205,-14.02210063297929
432,2008-12-19 05:47:27,1229683647.0,aig,3.273,1.67,,,-81.77958000251324,underperform,-97.76498929336188,73.98649036101858,-15.98540929084864
433,2009-01-06 14:34:51,1231270491.0,aig,3.273,1.66,,,-86.81388380224985,underperform,-97.77837259100643,78.40810669213298,-10.964488788756576
434,2010-01-05 22:17:53,1262747873.0,aig,3.273,29.33,,,-73.2131546565472,underperform,-60.74678800856531,99.04222209146968,12.466366647981895
435,2011-04-29 00:43:45,1304052225.0,aig,95.52,31.8,,,-95.72291551599147,underperform,-57.441113490364025,121.77629059804426,38.28180202562745
436,2011-09-02 15:22:28,1314991348.0,aig,85.55,24.08,,,-87.81270432701209,underperform,-67.77301927194861,105.711578504408,20.03968505506348
437,2011-11-03 02:27:12,1320301632.0,aig,76.86,24.19,,,-96.88289593272431,underperform,-67.62580299785867,113.82878354577322,29.257092934865643
438,2011-11-04 17:31:20,1320442280.0,aig,76.86,23.75,,,-96.68444455805901,underperform,-68.21466809421841,113.13544228203699,28.469776463840603
439,2012-01-02 19:39:36,1325551176.0,aig,81.27,23.2,,,-98.25380700271774,underperform,-68.95074946466809,113.86926174892479,29.303057538049636
440,2012-03-10 07:53:56,1331384036.0,aig,66.35,28.25,,,-101.99403178236648,underperform,-62.19218415417559,123.11490140806059,39.80184762819088
441,2012-07-01 20:48:59,1341190139.0,aig,74.18,32.09,,,-95.1706541895957,underperform,-57.05299785867237,121.63173756557073,38.11765633092332
442,2012-07-13 10:02:58,1342188178.0,aig,74.18,30.47,,,-100.4175063170369,underperform,-59.2210920770878,124.34301057704818,41.1964142399491
443,2012-11-12 11:30:45,1352737845.0,aig,71.9,32.17,,,-101.52670468678502,underperform,-56.945931477516055,127.3234076741269,44.58077320926897
444,2013-01-30 10:56:28,1359561388.0,aig,71.9,37.82,,,-107.43236182234307,underperform,-49.38436830835118,139.1831615199141,58.04799351399189
445,2013-04-22 02:32:25,1366612345.0,aig,48.99,38.88,,,-113.17021387961155,underperform,-47.96573875802997,145.48543536317723,65.20447512158158
446,2013-05-11 13:26:32,1368293192.0,aig,45.01,44.18,,,-113.66185249300358,underperform,-40.87259100642398,152.16489090235876,72.78926148657959
